Contract Name,Status,Total Gas Used,Min Gas Cost for a Facet,Max Gas Cost for a Facet,Average Facet Gas Cost,Facet Gas Cost Stdev
ACHI,Success,8163733,265957,2916383,736826,974891.0656726388
ADOM,Failed,NA,NA,NA,NA,NA
AEVOAI,Failed,NA,NA,NA,NA,NA
AFFI,Success,6585899,181537,965480,355390.25,240174.0002033682
AIMIX,Success,9149055,367631,3751702,1081255.6,1335679.740664745
AINET,Failed,NA,NA,NA,NA,NA
AINN,Success,6544721,169661,959613,350243,239406.70053227415
AIPIG,Success,3742777,0,0,0,0
AIPilot,Success,8622493,411118,2732159,813286,858268.8768406631
AIRAI,Failed,NA,NA,NA,NA,NA
AIRGPU,Failed,NA,NA,NA,NA,NA
AITECH,Success,7521726,437893,2325086,944737.25,797458.2781865065
AKIRA,Success,8069944,265945,2822666,721194.5,939976.3288352443
ALERTAI,Success,8749035,399532,3272616,1001254,1135882.9509894054
ALICE_STAKING,Success,6732884,207435,1835055,996706.3333333334,665378.6664175186
ALIENX,Success,6544721,169661,959613,350243,239406.70053227415
ALLY,Success,6585875,181525,965480,355387.25,240176.15030678525
ANIMAI,Success,8050620,265957,2803390,717975.8333333334,932796.5544244569
APRS,Success,6341875,205802,1951044,649774.5,751314.3425961932
ARBYSToken,Failed,NA,NA,NA,NA,NA
ARC,Success,6585875,181537,965480,355387.25,240174.4484685819
ARPA,Success,7617151,265945,2615621,774874.8,921348.4475175285
ASTR,Success,8068792,265957,2821598,721002.5,939584.627119124
ATA,Success,8210745,265957,2988597,744661.3333333334,1003640.8526403036
ATH,Success,7242662,265957,2634276,874971.25,1015829.1799538382
ATOMA,Failed,NA,NA,NA,NA,NA
ATOS,Success,7696701,265957,2751673,790784.8,980699.9023492151
AZHM,Failed,NA,NA,NA,NA,NA
AZHMstake,Failed,NA,NA,NA,NA,NA
AaceAI,Success,7487193,265957,2878915,936104,1121767.4015171328
Accountant,Failed,NA,NA,NA,NA,NA
ActiveSolarCoin,Success,3742777,0,0,0,0
AdamToken,Failed,NA,NA,NA,NA,NA
AdoptionAI,Success,8163589,265957,2916323,736802,974875.0238201476
Adsie,Success,7573623,265957,2645659,766169.2,939903.7752441256
Aetheria_Protocol,Success,8690794,422152,3007596,989603.4,1011007.996567505
Aethir,Success,6585467,181537,965480,355336.25,241559.0309410673
AevoToken,Success,7998401,4255624,4255624,4255624,0
Aevo,Success,6585887,181537,965468,355390.25,240169.12566915737
AgathAI,Success,7487169,265957,2878879,936098,1121750.1125243981
AgoraDex,Success,6585695,181537,965480,355366.25,241558.60010189557
AiDAO,Success,5266033,311640,660372,507756,145654.13246454767
AiLabsContract,Failed,NA,NA,NA,NA,NA
Aierify,Success,7357688,265957,2749434,903730.75,1065706.653222024
Airpuff,Success,6760509,243313,967316,377216.5,226739.3487972478
Albemarle,Success,7242638,265957,2634276,874965.25,1015832.5753275919
AlphCoinPresale,Failed,NA,NA,NA,NA,NA
AlphaTao,Success,7309660,265957,2390728,713376.6,838810.4411104096
AlphieAI,Success,7487193,265957,2878903,936104,1121760.5042024346
AltVM,Failed,NA,NA,NA,NA,NA
AmecaAI,Failed,NA,NA,NA,NA,NA
AmmGovernanceService,Success,7504328,3761551,3761551,3761551,0
AmmPoolsServiceWeEth,Success,3742765,0,0,0,0
AmmStorageBaseV1,Failed,NA,NA,NA,NA,NA
Andywifhat,Success,7243486,265957,2635100,875177.25,1016185.947640828
AppleHead,Failed,NA,NA,NA,NA,NA
AquaStake,Failed,NA,NA,NA,NA,NA
ArabianHorses,Success,6741528,265957,2133166,749687.75,798871.124743652
ArbTHUSDBTC,Success,3742765,0,0,0,0
ArgonAI,Success,7405694,265957,2797416,915729.25,1086480.0585260126
ArtBlocks,Success,3742765,0,0,0,0
ArtenaNetwork,Failed,NA,NA,NA,NA,NA
ArteraAiStaking,Failed,NA,NA,NA,NA,NA
ArtificialProtocol,Success,3742777,0,0,0,0
Artifinance,Success,3742777,0,0,0,0
AssemblyCoin,Success,3742777,0,0,0,0
AssemblyGassless,Success,4722126,232777,479213,326449.6666666667,108938.68516841125
AssetHolder,Success,5177217,168797,460513,286888,103788.81731670325
AstonAI,Success,7647876,414120,2595085,976277.75,934720.8582981806
AthenasAI,Success,7356500,265945,2748210,903430.75,1065173.3853911706
Atom,Failed,NA,NA,NA,NA,NA
Automak,Success,7477895,265957,2869629,933779.5,1117748.4528811704
AxionAI,Success,7487145,265957,2878891,936098,1121757.010127639
AxiswapAI,Failed,NA,NA,NA,NA,NA
AzureSaga,Success,7728966,265957,2801410,797237.8,1002232.9179507925
BAI,Success,7727920,265945,2800388,797031,1001825.4504788746
BBL,Failed,NA,NA,NA,NA,NA
BETA,Success,7442798,265957,2834556,925005.25,1102565.974659425
BIDENOPOLOUS,Success,8294114,265957,3049536,758560.1666666666,1024703.0250091028
BIDEN,Success,8068888,265957,2821598,721018.5,939577.454237054
BILL,Success,8069932,265957,2822666,721194.5,939976.2156643026
BIP,Success,7371987,265957,2763673,907302.5,1071865.0059080434
BITBRAWL,Success,6585887,181537,965480,355388.75,240172.7627567029
BITTENSORCAPITAL,Success,3742777,0,0,0,0
BLOCKAI,Success,8068828,265945,2821598,721008.5,939581.9677881134
BLOCKCREDIT,Success,7371987,265945,2763673,907302.5,1071865.1007697983
BMP,Success,8556656,243309,3461880,802315.1666666666,1189618.2776430734
BOBA,Success,8294018,265957,3049548,758542.1666666666,1024716.4499122701
BOBO,Success,7242230,265957,2633916,874863.25,1015683.4994956291
BOET,Failed,NA,NA,NA,NA,NA
BOMEAII,Failed,NA,NA,NA,NA,NA
BOMECAT,Failed,NA,NA,NA,NA,NA
BOME,Failed,NA,NA,NA,NA,NA
BOMO,Failed,NA,NA,NA,NA,NA
BONKYOFFICIAL,Failed,NA,NA,NA,NA,NA
BOOK,Success,8171900,265945,2924586,738187.1666666666,977950.4306123116
BOOMY,Failed,NA,NA,NA,NA,NA
BOOM,Success,8070040,265957,2822666,721212.5,939968.2312507074
BOSH,Success,7894013,265957,2834998,830247.2,1004416.9414798617
BOTR,Failed,NA,NA,NA,NA,NA
BOTTO,Success,7521726,437893,2325086,944737.25,797458.2781865065
BOYS,Success,5413165,1670400,1670400,1670400,0
BRATT,Success,7224175,265957,2615921,870352.5,1007898.9553245157
BREAK,Success,8551603,422152,3474740,1202206.5,1312120.4512529518
BRICK,Success,7239410,265933,2631036,874158.25,1014428.2471881328
BRICS,Success,8068792,265957,2821598,721004.5,939583.6890030517
BSTO,Failed,NA,NA,NA,NA,NA
BSquared,Success,6585431,181537,965456,355331.75,240166.7956935086
BUBBLE,Success,6585899,181537,965468,355390.25,240169.12566915737
BUBU,Success,8089617,265957,2842423,724473.3333333334,947344.255643756
BUDDY,Success,7232441,265957,2624139,872416,1011452.0259144771
BUIDL,Success,7731648,265957,2800388,797776.6,1001456.3238790995
BUKELE,Success,9088063,169661,3327032,534529.8,932437.9635617376
BULLFI,Success,3742777,0,0,0,0
BULLPEPEWIFHAT,Failed,NA,NA,NA,NA,NA
BUL,Success,5807097,265941,1198819,516086,394418.26509240165
BUN,Success,7848293,265957,2920617,821103.2,1049897.0922572173
BUREKCAT,Failed,NA,NA,NA,NA,NA
BUTTHOLEDividendTracker,Failed,NA,NA,NA,NA,NA
BUTTON,Success,8068924,265957,2821598,721026.5,939573.8268420334
BUZZ,Success,8068828,265957,2821598,721008.5,939581.9372021705
BWB,Success,6585875,181537,965468,355387.25,240170.30006057682
BYTE,Failed,NA,NA,NA,NA,NA
BabyMog,Success,8163589,265957,2916371,736802,974896.4555173711
BabyWOLF,Success,6760509,243325,967316,377216.5,226738.6314746563
Babylon,Success,6590667,181525,965468,355986.25,240181.55200116328
BadCoin,Failed,NA,NA,NA,NA,NA
Bagpuss,Success,8068816,265957,2821598,721006.5,939582.8338973543
BankStaking,Failed,NA,NA,NA,NA,NA
Base,Success,6489259,205820,2098378,686620.5,815102.5744657846
BatchTransfer,Success,3742777,0,0,0,0
BatteryAI,Failed,NA,NA,NA,NA,NA
Bdog,Success,8069956,265957,2822726,721196.5,940002.2420657215
BeFiLabs,Success,6585911,181537,965480,355391.75,240172.93597257684
Beeple,Success,8069896,265957,2822666,721188.5,939978.9887229307
BeomniAI,Failed,NA,NA,NA,NA,NA
BerachainEth,Success,6585707,181537,965480,355366.25,241558.05515276757
BerdToken,Failed,NA,NA,NA,NA,NA
Betafy,Success,7357700,265957,2749434,903730.75,1065706.6531206828
BetcoinAi,Success,6774804,123465,965420,336891.8888888889,240726.86639769629
Betcoin,Failed,NA,NA,NA,NA,NA
Bet,Failed,NA,NA,NA,NA,NA
BitBrawl,Failed,NA,NA,NA,NA,NA
BitcoinATH,Failed,NA,NA,NA,NA,NA
BitcoinAi,Success,5257058,1514281,1514281,1514281,0
BitcoinPump,Success,3742777,0,0,0,0
BitcoinTrading,Success,5521331,1778554,1778554,1778554,0
BitcoinVirtualEngine,Success,8497975,422152,2983271,951039.6,1016194.7479111669
Bitkey,Success,8093901,265957,2846659,725187.3333333334,948919.0529930475
BitzAI,Success,7477895,265957,2869629,933782.5,1117746.7511562044
BlackGuard,Failed,NA,NA,NA,NA,NA
BlackSock,Success,8068948,265957,2821598,721028.5,939572.972140314
BlankERC314,Success,3742777,0,0,0,0
BlastAI,Success,8538323,422152,3461448,1198886.5,1306363.4603104338
BlastBot,Success,8069956,265957,2822666,721196.5,939975.4022316666
BleuCheese,Success,8068816,265945,2821598,721006.5,939582.9060932214
BlockAI,Failed,NA,NA,NA,NA,NA
BlockGames,Success,6585839,181513,965480,355382.75,240177.8610450753
BlockJoy,Failed,NA,NA,NA,NA,NA
BlockSurge,Failed,NA,NA,NA,NA,NA
BlockTensor,Success,7891274,265957,2963718,829699.4,1067147.1861878473
Bob,Success,6585899,181537,965480,355390.25,240172.72500574976
BonkBonkToken,Success,3742777,0,0,0,0
BonkCoin,Success,3742765,0,0,0,0
BoobooDogToken,Success,3742777,0,0,0,0
BookOfPepe,Success,8163649,265957,2916383,736814,974896.4435386629
Book,Failed,NA,NA,NA,NA,NA
BookofMemesAI,Failed,NA,NA,NA,NA,NA
BookofRyoshi,Success,7627651,265957,2700047,776974.8,961689.145185574
Bounty,Failed,NA,NA,NA,NA,NA
BoysClub,Success,8070004,265957,2822726,721204.5,939998.6556461575
BrainLedger,Success,7243558,265957,2635268,875198.25,1016270.5775654373
BrcAI,Success,7495135,265957,2886869,938089.5,1125213.0263608976
BreadCoin,Failed,NA,NA,NA,NA,NA
BrettInu,Success,7245436,265941,2637182,875667.75,1017104.5160587911
BrettWifHat,Success,7244460,265957,2636050,875420.75,1016593.8745038195
Brightpool,Success,6585911,181537,965480,355391.75,240172.93597257684
BrottCoin,Success,7299712,265957,2691446,889233.75,1040599.2693780769
BullAI,Success,8067751,265957,2820557,720831,939195.8429418933
Burnt,Success,6585683,181537,965480,355366.25,240174.0871153412
BuyThisCoin,Success,7635366,265945,2676545,778520.2,949396.8027941531
C2DToken,Success,8245669,265957,3147232,900580.8,1126104.6558361084
CANDY,Success,7399193,265957,2790903,914107,1083656.6737871824
CASHCAB,Failed,NA,NA,NA,NA,NA
CATCOIN,Success,3742765,0,0,0,0
CATWIF,Failed,NA,NA,NA,NA,NA
CA,Success,8069872,265945,2822654,721184.5,939975.4860296004
CBRebondSubProxy,Success,3742777,0,0,0,0
CCFBridge,Failed,NA,NA,NA,NA,NA
CDFToken,Success,3742777,0,0,0,0
CGPT,Success,7522182,437905,2325542,944851.25,797655.3413468674
CHAINAI,Failed,NA,NA,NA,NA,NA
CHARLIE,Success,7204959,265957,2596657,865548.5,999551.3951629751
CHEERS,Failed,NA,NA,NA,NA,NA
CHIPAI,Success,8538299,422152,3461448,1198883.5,1306365.1663842886
CISOAI,Failed,NA,NA,NA,NA,NA
CLAUDE,Success,8271839,265945,3024585,754843.6666666666,1015216.3894002545
CMV,Success,7903018,265957,2975390,832048.2,1071808.2361953373
COH,Success,8068936,265957,2821598,721026.5,939573.8692697788
COINU,Success,7902970,265957,2975378,832038.6,1071807.0107163135
COMPLIQAI,Failed,NA,NA,NA,NA,NA
COPE,Success,8233127,265945,2988717,748391.6666666666,1002054.88510039
COTAI,Failed,NA,NA,NA,NA,NA
CO,Success,6585887,181537,965468,355388.75,240169.71287026908
CPUStaking,Failed,NA,NA,NA,NA,NA
CPU,Success,7903930,265957,2976482,832233,1072261.6638134555
CRAMToken,Success,3742765,0,0,0,0
CRVDepositorV2,Success,3742777,0,0,0,0
CXS,Failed,NA,NA,NA,NA,NA
CZEEAirdrop,Failed,NA,NA,NA,NA,NA
CannaCoin,Failed,NA,NA,NA,NA,NA
Carv,Success,6585707,181537,965480,355367.75,241558.01641673475
CasinoDAOGenesis,Failed,NA,NA,NA,NA,NA
Catcoin,Failed,NA,NA,NA,NA,NA
Cellula,Success,6585863,181525,965480,355387.25,240174.64674313043
CensorShip,Failed,NA,NA,NA,NA,NA
CentraHUB,Failed,NA,NA,NA,NA,NA
ChainMiner,Success,8397704,422152,3320769,1163731.75,1245442.7115787733
ChainlinkAdapter,Failed,NA,NA,NA,NA,NA
CharmAI,Success,7582214,414120,2529411,959859.25,906286.3844813004
CharstarAI,Success,7311863,153253,1553012,324462.36363636365,391021.04539183347
ChatGPT5,Failed,NA,NA,NA,NA,NA
ChatGPU,Success,7726352,265945,2798808,796715,1001193.5427806154
ChinesePepe,Success,8163601,265945,2916371,736804,974895.668212929
ChuckToken,Failed,NA,NA,NA,NA,NA
Claim,Failed,NA,NA,NA,NA,NA
Clark,Success,8196049,265957,2948759,742212,986959.4105070042
CloneAI,Failed,NA,NA,NA,NA,NA
ClosedAI,Success,8068864,265957,2821598,721020.5,939576.5574090189
CoChilli,Success,6760521,243325,967316,377218,226738.46298819705
Coast,Failed,NA,NA,NA,NA,NA
CodePepe,Success,7243390,265957,2635088,875153.25,1016192.6422636053
CoinToken,Failed,NA,NA,NA,NA,NA
CoinbaseClassic,Success,7242686,265957,2634276,874986.25,1015820.6859811369
Coin,Success,7835836,265941,2804390,818611.8,993384.6228552967
CoinsdexContract,Failed,NA,NA,NA,NA,NA
CommonReportTrigger,Failed,NA,NA,NA,NA,NA
CommunityShido,Failed,NA,NA,NA,NA,NA
CompV3Payback,Success,3742777,0,0,0,0
CompV3SubProxy,Failed,NA,NA,NA,NA,NA
CompV3Withdraw,Success,3742777,0,0,0,0
CompareNodePerformance,Success,4193453,218325,232363,225344,7019
Complexion,Success,7357736,265957,2749434,903739.75,1065701.55298338
CompoundV3Lender,Failed,NA,NA,NA,NA,NA
Container,Failed,NA,NA,NA,NA,NA
Cookie3,Success,6544709,169661,959613,350241.5,239406.6026794165
CortexLoop,Success,8166885,422140,3089998,1106027,1145529.5242517758
CosmicNetwork,Failed,NA,NA,NA,NA,NA
CoverChain,Failed,NA,NA,NA,NA,NA
Coypu,Success,7891202,265957,2963718,829685,1067154.3364604765
CraigWRONG,Failed,NA,NA,NA,NA,NA
CreateSub,Success,3742765,0,0,0,0
CrowdDrive_Claimer,Failed,NA,NA,NA,NA,NA
CryptoBillionairesClub,Failed,NA,NA,NA,NA,NA
CryptoCadetRouter,Success,5461919,260961,590955,429785.5,160824.88337552123
CryptoQuokka,Failed,NA,NA,NA,NA,NA
CurveUsdPayback,Success,3742777,0,0,0,0
CurveWrapperV3,Success,3742777,0,0,0,0
Cyclix_Games,Failed,NA,NA,NA,NA,NA
DAIRAI,Failed,NA,NA,NA,NA,NA
DAI,Success,7848137,265957,2920605,821074.4,1049905.442561491
DATAAI,Failed,NA,NA,NA,NA,NA
DBOT,Success,8303398,422152,3226451,1140158.25,1204601.0120175425
DBZ,Success,7194590,282553,2536368,862953.25,966245.5359217384
DEBIT,Success,7696713,265957,2751661,790789.6,980691.4988191953
DECRYPT,Success,8070028,265957,2822666,721208.5,939970.0231329632
DEFINA,Success,8302596,265957,3055366,759969.8333333334,1026687.7613627907
DENCUN,Success,8093925,265957,2846647,725193.3333333334,948910.9953358228
DESK,Failed,NA,NA,NA,NA,NA
DEVINAI,Success,8068840,265957,2821598,721012.5,939580.1439241803
DEVIN,Success,8068852,265957,2821598,721012.5,939580.1439241803
DEXACARD,Failed,NA,NA,NA,NA,NA
DFSSell,Success,3742777,0,0,0,0
DFlow,Success,6585899,181537,965480,355390.25,240172.97373286507
DGW,Success,6585887,181537,965480,355390.25,240174.0002033682
DICK,Failed,NA,NA,NA,NA,NA
DIFO,Failed,NA,NA,NA,NA,NA
DINOBOT,Failed,NA,NA,NA,NA,NA
DIVAAI,Failed,NA,NA,NA,NA,NA
DOAI,Failed,NA,NA,NA,NA,NA
DOGALD,Success,8069968,265957,2822666,721198.5,939974.505940764
DOGEAI,Failed,NA,NA,NA,NA,NA
DOGEMOON,Success,7727944,265957,2800388,797038.2,1001821.7953377537
DONALD,Success,8571899,422152,3495012,1207280.5,1320894.589424247
DOVEPOOL,Success,7387750,265957,2779460,911246.25,1078702.1136538056
DOVE,Success,8637636,426257,3548446,1223714.75,1342255.2310211675
DPIN,Success,8049109,422164,2972234,1076586,1094539.9132372926
DRAGONBALLZ,Success,8069980,265957,2822666,721202.5,939972.7129606388
DUDU,Success,8550775,422152,3473912,1202002.5,1311760.230431709
DX25,Success,6585875,181537,965468,355387.25,240170.37212193242
DancingBaby,Success,8068960,265957,2821598,721030.5,939572.0745204082
DaoversalToken,Failed,NA,NA,NA,NA,NA
DappGuard,Success,7471634,265957,2863320,932214.25,1115009.9782052122
DappOS,Success,6585635,181525,965480,355358.75,240176.1745202623
DappadToken,Success,6585431,181537,965480,355331.75,241561.25588385962
DarkMachine,Success,6585695,181537,965480,355364.75,240175.15118177296
DatGirl,Success,8061908,265957,2823698,719855.1666666666,941012.2161113562
DatabricksAI,Success,7730130,265957,2802454,797470.6,1002638.4521107496
DeHubTokenV5,Success,23231429,4710314,5273246,4872166,233872.6705367688
DeLanNetwork,Failed,NA,NA,NA,NA,NA
DeLanStaking,Failed,NA,NA,NA,NA,NA
DeNeuralNetwork,Failed,NA,NA,NA,NA,NA
DebtAllocator,Failed,NA,NA,NA,NA,NA
DebtManager,Failed,NA,NA,NA,NA,NA
DecentraGPU,Success,7626595,265957,2699015,776766,961277.6013321022
DedaCoin,Success,3742765,0,0,0,0
DeepSearch,Failed,NA,NA,NA,NA,NA
DefispotToken,Success,3742777,0,0,0,0
Delegate,Success,3742777,0,0,0,0
Demeter,Success,7487157,265957,2878903,936095,1121765.6093193
DepinHub,Success,8068852,265957,2821598,721014.5,939579.2473413743
Derivio,Success,6585899,181537,965480,355391.75,240172.93597257684
DexInterface,Success,5334519,67072,276405,159176.6,80782.97306388272
Dexi,Failed,NA,NA,NA,NA,NA
DigitalCurrencyLLCContract,Failed,NA,NA,NA,NA,NA
Dlt,Failed,NA,NA,NA,NA,NA
DodoPepe,Success,7245528,265957,2637202,875687.75,1017104.5492638343
DogeGalaxy,Failed,NA,NA,NA,NA,NA
DogeMoon,Failed,NA,NA,NA,NA,NA
DogePepeWifBomeSlerfCoqMogPork,Success,8164201,265957,2916383,736904,974856.1470475186
Doge,Success,8165699,265933,2918505,737153.6666666666,975693.5887098755
DominoAI,Success,7557769,265957,2949419,953751,1152282.360426254
DoonInu,Success,3742753,0,0,0,0
Dopamine,Success,6585899,181537,965480,355390.25,240172.72500574976
DorkLord,Success,8166047,265957,2918505,737211.6666666666,975667.4519836266
DorkPepe,Success,7245480,265957,2637202,875675.75,1017111.343937913
Draftzy,Failed,NA,NA,NA,NA,NA
Dragon,Success,8197879,265957,2846659,742517,941436.9867323393
DramaAI,Success,7487169,265957,2878879,936098,1121750.1125243981
DreamAI,Success,7889966,265957,2962446,829437.8,1066642.026994324
DropsTier1,Failed,NA,NA,NA,NA,NA
DropsTier3,Failed,NA,NA,NA,NA,NA
DrpepeETH,Success,8892353,445463,3183617,1029915.2,1077416.8417884323
DssSpell,Success,3742753,0,0,0,0
DuckToken,Success,8538431,422152,3461448,1198913.5,1306348.1067511255
EARNM,Success,6585863,181525,965468,355385.75,240169.78960661872
EARN,Success,7775530,422156,2698667,1008197.25,976090.8613244914
ECLIPSE,Failed,NA,NA,NA,NA,NA
EDWARD,Success,7036531,424767,1951715,823441.5,651555.7939119643
EELFToken,Failed,NA,NA,NA,NA,NA
EGG,Failed,NA,NA,NA,NA,NA
EGL,Success,6341863,205802,1951068,649780.5,751324.7345407644
EGO,Failed,NA,NA,NA,NA,NA
ELA,Success,7243346,265957,2634984,875142.25,1016139.1212236577
ELONCAT,Success,6401271,265957,1792837,664623.5,651521.3143882938
ELSAPOPEPE,Success,7727992,265957,2800388,797045.4,1001818.221844582
ELSAPO,Success,8163649,265957,2916371,736814,974891.0365883632
ELUMP,Success,7406642,265957,2798400,915972.25,1086907.8093703198
ELYS,Success,6585875,181537,965468,355388.75,240168.91468961484
EMS,Success,3742777,0,0,0,0
EPEP,Success,8163493,265957,2916323,736788,974881.2996341316
ERC20ByMetadrop,Failed,NA,NA,NA,NA,NA
ERC20Fees,Failed,NA,NA,NA,NA,NA
ERC20USDT,Failed,NA,NA,NA,NA,NA
ERC20,Success,7955021,239897,1833695,421224.4,471397.77736773435
ERC314Factory,Success,8138094,199745,4195584,2197664.5,1997919.5
ESCROW,Success,8103663,265957,3176095,872177.2,1152086.6262845688
ETH314,Success,3742777,0,0,0,0
ETHOFMEME,Success,6314322,243325,1115428,428592.8333333333,310549.9322344244
EVERY,Success,6544685,169649,959613,350240,239408.38880613603
EVToken,Success,3742777,0,0,0,0
EXPELL,Failed,NA,NA,NA,NA,NA
Earth,Failed,NA,NA,NA,NA,NA
EchoBlock,Success,7243582,265957,2635268,875204.25,1016267.1800123171
EclipseCoin,Failed,NA,NA,NA,NA,NA
EclipseStake,Success,7387774,265957,2779460,911252.25,1078698.7130326
EcomAI,Success,7357736,265957,2749434,903739.75,1065701.5525780132
EigenLayer,Success,6585899,181537,965480,355391.75,240172.93597257684
ElonAI,Success,8162437,265957,2915207,736610,974461.8745216938
ElonBotAI,Success,8072068,265957,2824814,721548.5,940778.4603574761
Elon,Success,8197879,265957,2846659,742517,941436.9868088181
ElongatedDoge,Failed,NA,NA,NA,NA,NA
Entangle,Success,6585899,181537,965480,355391.75,240172.93597257684
Error404,Failed,NA,NA,NA,NA,NA
EscrowAI,Success,8106157,265957,3178637,872676,1153108.0834681543
EternalsTAO,Failed,NA,NA,NA,NA,NA
EtherFiGovernanceToken,Success,6249225,2506448,2506448,2506448,0
Etherblocks,Success,7299736,265957,2691422,889239.75,1040582.0809552639
EthereumMainnet,Success,3742765,0,0,0,0
EthereumOfMeme,Failed,NA,NA,NA,NA,NA
Everyworld,Success,6585887,181537,965480,355388.75,240173.56092456868
EvoNFT001,Failed,NA,NA,NA,NA,NA
EweNation,Success,7772259,265957,2844727,805896.4,1019559.5600506328
ExaProtocol,Success,3742777,0,0,0,0
ExpositionAi,Success,8357357,422140,3280434,1153648,1227978.3179183174
Exverse,Success,6585887,181537,965480,355390.25,240173.52317374098
F3AI,Failed,NA,NA,NA,NA,NA
FAIRERC314,Success,3742765,0,0,0,0
FAQ,Success,7224695,265941,2616261,870482.5,1008020.8305706038
FEATHER,Success,3742777,0,0,0,0
FGM,Success,8162461,265957,2915207,736620,974457.3925812936
FJORD,Failed,NA,NA,NA,NA,NA
FKGasLess,Success,4774860,232777,531959,344031.6666666667,133632.55751333787
FLAPPY,Failed,NA,NA,NA,NA,NA
FLAction,Success,3742777,0,0,0,0
FLEPE,Success,8248754,426269,3159492,1126494.25,1173833.0933472558
FLMaker,Success,3742765,0,0,0,0
FLOKICEO,Success,8163685,265957,2916383,736818,974894.6909160668
FMS,Failed,NA,NA,NA,NA,NA
FOMO,Success,8353425,422152,3276586,1152662,1226325.7423749613
FORGE,Success,8049121,422152,2972222,1076589,1094531.4081279258
FORM,Success,7730550,265929,2803094,797554.6,1002916.4730412199
FR33GPT,Success,7406726,265957,2798460,915987.25,1086933.7881700464
FSMAI,Success,7522170,437917,2325518,944848.25,797643.0491038504
FUNGIBLE,Failed,NA,NA,NA,NA,NA
FURY,Success,6585875,181525,965468,355387.25,240170.79870622803
FXA,Success,8103471,265957,3175963,872141.2,1152038.561298258
FantomAI,Failed,NA,NA,NA,NA,NA
FeeSimulator,Failed,NA,NA,NA,NA,NA
FeelsBadMan,Success,8163601,265957,2916311,736804,974868.7597437582
FiatToken,Failed,NA,NA,NA,NA,NA
FixedAdapter,Success,3742777,0,0,0,0
FlashToken,Failed,NA,NA,NA,NA,NA
Flash_GAME,Failed,NA,NA,NA,NA,NA
FlockAI,Failed,NA,NA,NA,NA,NA
FlorkofCows,Success,5807349,265941,1199059,516143,394523.7665052639
Fottie,Failed,NA,NA,NA,NA,NA
FoxLabAI,Success,7202509,262838,2603552,864936,1003885.4740295329
Foxy,Success,6585887,181537,965468,355390.25,240169.12566915737
FractalAI,Success,7495195,265957,2886881,938104.5,1125211.414926213
FraxGPU,Success,7265498,265957,2657208,880683.25,1025770.007193468
FraxUnifiedFarm_ERC20_Convex_FRAXBP_Volatile,Failed,NA,NA,NA,NA,NA
Frog,Failed,NA,NA,NA,NA,NA
FundsForTraders,Success,7673857,243325,2578821,655180,860590.0366806486
FunkyFrog,Failed,NA,NA,NA,NA,NA
GAS,Success,3742753,0,0,0,0
GATE,Success,6585863,181525,965480,355385.75,240174.91277751618
GAUDI,Success,8183478,265957,2936236,740116.8333333334,982296.6770785047
GEAR,Success,3742777,0,0,0,0
GEM,Success,3742777,0,0,0,0
GENAI,Success,8069080,265957,2821598,721050.5,939563.1123445531
GGCrowdfunding,Failed,NA,NA,NA,NA,NA
GIGGLE,Success,8155163,265957,2907825,735399.6666666666,971702.3048136822
GIVERS,Success,3742777,0,0,0,0
GIVF,Success,8163613,265957,2916383,736806,974900.0702637852
GMRX,Success,6585863,181537,965468,355387.25,240169.75061232733
GMS,Success,6585443,181525,965480,355334.75,240175.46226079695
GNX,Failed,NA,NA,NA,NA,NA
GOMBLE,Success,6585875,181537,965480,355387.25,240173.82696952534
GOODBOOK,Success,8155127,265957,2907825,735391.6666666666,971705.8905445047
GOOGLEAI,Failed,NA,NA,NA,NA,NA
GPEPE,Success,7705504,265957,2777924,792547.8,992836.334047138
GPM,Success,7265486,265945,2657208,880680.25,1025771.8050532426
GPR,Success,7859904,265957,2932276,823425.4,1054564.8816860155
GPTV,Success,6585911,181537,965480,355391.75,240172.93597257684
GPUN,Success,7354734,265957,2746420,902992.25,1064393.1621784254
GProtocol,Success,8550859,422152,3473912,1202020.5,1311749.9948009339
GRASS,Failed,NA,NA,NA,NA,NA
GROKGROK,Success,7241534,265945,2633184,874689.25,1015361.5678430455
GUGU,Failed,NA,NA,NA,NA,NA
GUSTA,Failed,NA,NA,NA,NA,NA
Gaimin,Success,6585863,181525,965480,355388.75,240174.60900184163
Gambit,Failed,NA,NA,NA,NA,NA
GameCene,Success,6295744,243313,1096826,425494.5,303694.95173158543
GameIntegratedAI,Success,3742777,0,0,0,0
GardenComponents,Failed,NA,NA,NA,NA,NA
GasFi0,Success,3742777,0,0,0,0
Gateguard,Success,7243522,265957,2635268,875192.25,1016273.9747883872
GeNodeAI,Success,7356512,265957,2748210,903433.75,1065171.589757344
GeneralView,Success,3742765,0,0,0,0
Ghozali404,Success,6249213,2506448,2506448,2506448,0
GigabyteAI,Failed,NA,NA,NA,NA,NA
GigglesAcademyOfMeme,Success,7243678,265957,2635256,875228.25,1016246.6994318789
GoldFinder,Success,7292116,243325,2440465,709867.8,865563.7949159843
GoldLaunchAI,Success,7664419,414120,2611592,980410.5,941864.4335137886
GoofyInu,Success,7245436,265929,2637182,875664.75,1017106.3144896346
GorillaLocker,Failed,NA,NA,NA,NA,NA
Grass,Success,6585443,181537,965480,355333.25,240174.7523037913
Gravestone,Success,8070112,265945,2822666,721222.5,939963.8200987224
GreenCarbonCoin,Success,3742777,0,0,0,0
GridexAI,Success,7487181,265957,2878903,936101,1121762.2058865684
Grok20,Success,8165735,265957,2918505,737159.6666666666,975690.7603670107
GrowMiner,Success,5807073,265941,1198819,516074,394424.8425828424
GuFuguru,Failed,NA,NA,NA,NA,NA
HAIR,Success,7730022,265957,2802466,797451.4,1002654.0651210865
HASHVPN,Failed,NA,NA,NA,NA,NA
HASH,Failed,NA,NA,NA,NA,NA
HASSLE,Success,7230987,265957,2622697,872052.5,1010829.3781841968
HEHE,Failed,NA,NA,NA,NA,NA
HENTAITOKEN,Success,7239464,282553,2581302,874171.75,985709.0583601164
HERO,Success,3742777,0,0,0,0
HUE,Success,6544721,169661,959613,350243,239406.70053227415
HWGToken,Success,3742777,0,0,0,0
HahaHashToken,Failed,NA,NA,NA,NA,NA
HalfDoge,Success,8165771,265957,2918505,737167.6666666666,975687.1342714779
HalfPump,Success,8163589,265957,2916311,736802,974869.6557224116
HamTheApe,Failed,NA,NA,NA,NA,NA
HaroldCat,Failed,NA,NA,NA,NA,NA
HarvestAI,Success,7254141,265957,2645851,877844,1020852.7297737417
HashAI,Success,7357712,265957,2749434,903733.75,1065704.952984731
Hashrent,Success,7357760,265957,2749434,903748.75,1065696.452407855
HeavenAI,Success,7721220,243325,2869581,795691,1037166.3071571502
Hobbes,Failed,NA,NA,NA,NA,NA
HotelAI,Success,7356488,265957,2748210,903427.75,1065174.9900646314
HugeWin,Success,3742777,0,0,0,0
HumanizedAiStakingContract,Failed,NA,NA,NA,NA,NA
Hush_Finance,Success,3742777,0,0,0,0
IDK,Success,4606613,863836,863836,863836,0
IDUCK,Success,5807133,265929,1198819,516092,394415.23086272925
IGridAI,Success,7487133,265957,2878867,936089,1121748.3203149894
ILoveLawyers,Success,3742777,0,0,0,0
INFRAX,Success,8357549,422152,3280674,1153693,1228090.673142867
INOVAI,Failed,NA,NA,NA,NA,NA
IPSec,Failed,NA,NA,NA,NA,NA
IQ50,Success,7239266,265957,2631036,874122.25,1014448.4282659161
ISHI,Success,8163565,265957,2916383,736800,974902.7599572858
InQubeta,Failed,NA,NA,NA,NA,NA
IncentivesPool,Failed,NA,NA,NA,NA,NA
InfinityAI,Success,9088075,169661,3326948,534531,932409.4906718829
InitializableImmutableAdminUpgradeabilityProxy,Success,3742777,0,0,0,0
IntelVerseAI,Success,8637360,426269,3548110,1223645.75,1342101.1373872638
InteliAI,Success,7405718,265957,2797416,915735.25,1086476.657094706
Intellexus,Failed,NA,NA,NA,NA,NA
IpToken,Failed,NA,NA,NA,NA,NA
IporProtocolRouter,Success,3742765,0,0,0,0
JASAI,Failed,NA,NA,NA,NA,NA
JBINU,Success,8359075,422152,3282140,1154077.5,1228715.2035188016
JENNIAI,Success,7440990,265941,2832724,924553.25,1101769.4780010416
JUICE,Success,6585875,181537,965480,355387.25,240174.22016566954
JULIUSAI,Failed,NA,NA,NA,NA,NA
JUSTIN,Success,7307749,265957,2699447,891246,1044056.7022190414
Javsphere,Success,6760521,243325,967316,377218,226738.46298819705
JuliaAIClub,Success,7477967,265957,2869605,933797.5,1117724.448561563
KARENS,Success,8070088,265957,2822726,721218.5,939992.337878657
KETNIPZ,Success,5807313,265941,1199059,516137,394527.05611846194
KNNAI,Failed,NA,NA,NA,NA,NA
KPfree,Failed,NA,NA,NA,NA,NA
KapturBot,Failed,NA,NA,NA,NA,NA
KirbyInu,Success,8163473,265941,2916287,736782.6666666666,974867.5713879752
KoalaCoin,Success,3742777,0,0,0,0
Koii,Success,6585899,181537,965468,355390.25,240169.12566915737
Komputai,Success,6760521,243325,967316,377218,226738.46298819705
KonnectAi,Success,3742777,0,0,0,0
KuwaitFinancialHouse,Failed,NA,NA,NA,NA,NA
KyberInputScalingHelper,Success,3742765,0,0,0,0
KyberWrapperV3,Success,3742777,0,0,0,0
LAMBDA,Success,7168576,265957,2560286,856449.75,983807.2129630822
LANDPEPE,Success,6760509,243313,967316,377216.5,226739.3487972478
LARP,Success,8419831,265957,2857226,668150.5714285715,893994.1995976511
LEAPAI,Failed,NA,NA,NA,NA,NA
LEDGER,Success,8233247,265957,2988717,748413.6666666666,1002044.9304298796
LEN,Success,3742777,0,0,0,0
LFG,Success,8170811,265957,2923473,738005.6666666666,977533.8879208001
LITETOKEN,Success,4774872,232777,531959,344031.6666666667,133632.55751333787
LKA,Success,7239398,265957,2631036,874155.25,1014429.7455091148
LNQFarm,Failed,NA,NA,NA,NA,NA
LOME,Success,6585887,181537,965480,355390.25,240173.52317374098
LOVE_FUNKS,Failed,NA,NA,NA,NA,NA
LSD,Success,3742777,0,0,0,0
LSVSell,Success,3742777,0,0,0,0
LUCIDAI,Failed,NA,NA,NA,NA,NA
LUIS,Success,8233163,265957,2988717,748397.6666666666,1002052.0973909269
LUMIN,Success,6760521,243325,967316,377218,226738.46298819705
Landwolf,Failed,NA,NA,NA,NA,NA
Lanify,Success,3742777,0,0,0,0
LayerTensor,Failed,NA,NA,NA,NA,NA
LayerZ,Success,7475497,265941,2867255,933180,1116724.0834460857
LegendsPresale,Failed,NA,NA,NA,NA,NA
LegionVentures,Success,6585863,181513,965480,355388.75,240175.10771349203
LiDAR,Success,7891202,265957,2963718,829687.4,1067153.1008427234
LilyAI,Success,8538287,422152,3461412,1198877.5,1306347.8727514544
Link,Failed,NA,NA,NA,NA,NA
LiquidityLocker,Failed,NA,NA,NA,NA,NA
List,Success,4013982,271205,271205,271205,0
LockchainAI,Success,6585647,181513,965468,355360.25,240173.03511361865
LpToken,Failed,NA,NA,NA,NA,NA
LuminaAI,Success,7243262,265957,2634972,875121.25,1016144.1158116733
LuminaInnovaToken,Failed,NA,NA,NA,NA,NA
Lumin,Failed,NA,NA,NA,NA,NA
LuxuryAI,Success,8698590,265957,2908749,619476.625,865420.571193847
MAGA20,Success,7704496,265957,2776916,792343.8,992434.3850234937
MAGACoinToken,Success,3742777,0,0,0,0
MAGAIBA,Success,8069908,265957,2822666,721190.5,939978.0920950144
MAGATrumpToken,Success,3742777,0,0,0,0
MAGAman,Failed,NA,NA,NA,NA,NA
MARSGO,Success,7503294,286857,2832196,940129.25,1092472.7831267412
MASYA,Success,8068804,265945,2821598,721004.5,939583.8024256183
MAS,Success,6585911,181537,965480,355391.75,240172.93597257684
MEFRA,Success,3742777,0,0,0,0
MERL,Failed,NA,NA,NA,NA,NA
MEWETHtoken,Failed,NA,NA,NA,NA,NA
MGC,Success,7390843,265957,2782517,912016.5,1080022.3244351249
MILF,Success,3742765,0,0,0,0
MILK,Success,8069980,265957,2822666,721200.5,939973.609670284
MILL1ON,Success,7904398,265957,2976686,832324.2,1072318.2270666482
MINESHIELD,Success,7243570,265957,2635268,875198.25,1016270.5775654373
MINUS,Failed,NA,NA,NA,NA,NA
MMCoin,Failed,NA,NA,NA,NA,NA
MODAI,Success,7702252,265945,2774768,791895,991584.9244073853
MOGCATS,Failed,NA,NA,NA,NA,NA
MOMO,Success,6544697,169661,959601,350240,239402.86740085215
MONAD,Success,6585887,181537,965480,355388.75,240173.56092456868
MOON,Success,8217047,426269,3127869,1118567.5,1160152.8113960894
MORION,Success,3742777,0,0,0,0
MORPHAI,Success,8068840,265957,2821586,721012.5,939574.7759112009
MORPHICS,Failed,NA,NA,NA,NA,NA
MORPH,Success,6544697,169661,959613,350243,239406.70053227415
MOTOKO,Success,8292914,265957,3048516,758356.1666666666,1024338.1638906195
MPGA,Failed,NA,NA,NA,NA,NA
MTA,Success,7387774,265957,2779460,911249.25,1078700.4134321483
MUCO,Success,7522170,437905,2325530,944848.25,797650.1485373694
MURF,Failed,NA,NA,NA,NA,NA
MUTT,Failed,NA,NA,NA,NA,NA
MXI,Success,7168600,265945,2560286,856455.75,983803.9219088261
MagicFlowAI,Success,7495171,265957,2886845,938101.5,1125192.4241747498
MagicMintAI,Success,7386262,265957,2777936,910877.25,1078035.4545341667
MarvelCoinUniverseNFT,Failed,NA,NA,NA,NA,NA
Marvin,Failed,NA,NA,NA,NA,NA
Masa,Success,6585911,181537,965480,355391.75,240172.93597257684
Mata,Failed,NA,NA,NA,NA,NA
MattFurieTweet,Success,9194443,265957,3317399,778811.1428571428,1039805.2097042612
MaximumPlanck,Success,8070040,265957,2822714,721210.5,939990.5558666977
McdBoostComposite,Success,3742765,0,0,0,0
McdRepayComposite,Success,3742777,0,0,0,0
McdSubProxy,Failed,NA,NA,NA,NA,NA
Meebits,Success,7300876,265957,2692598,889524.75,1041096.3568059815
MemeTower,Failed,NA,NA,NA,NA,NA
MeritTradingAI,Failed,NA,NA,NA,NA,NA
Meru,Success,7357644,265941,2749414,903716.75,1065703.2210792494
MeshWave,Success,7971817,422152,2894930,1057263,1061067.4403714875
MetaAI,Success,7477871,265957,2869617,933776.5,1117743.257124931
MetaChainAI,Success,7476441,265957,2868103,933416,1117077.5164743492
MetaMusk,Failed,NA,NA,NA,NA,NA
MetaPadAI,Failed,NA,NA,NA,NA,NA
MetaSaviorAI,Success,7721268,243325,2869617,795700.6,1037179.635424568
MetaverseCasinoDAO,Success,3742777,0,0,0,0
MeteoriteFi,Failed,NA,NA,NA,NA,NA
Mezo,Success,6760521,243325,967316,377218,226738.46298819705
MiWave,Success,7471706,265945,2863428,932232.25,1115061.935613528
Milady,Success,8072044,265957,2824814,721544.5,940780.2533241136
MileiMoneda,Failed,NA,NA,NA,NA,NA
MinTAO,Success,7891406,265957,2963718,829728.2,1067132.886454241
MindAI,Success,8361974,422152,3285123,1154799.25,1230020.4340132677
MindBit,Failed,NA,NA,NA,NA,NA
Mind,Success,6585887,181525,965480,355390.25,240174.02181270043
MineBot,Success,8315394,422152,3238507,1143154.25,1209831.294076859
MinerDock,Success,8068828,265957,2821598,721010.5,939581.0409105663
MinexAI,Success,7471622,265957,2863308,932211.25,1115004.7823223395
MintStructsHashHelpers,Success,3742777,0,0,0,0
MioraToken,Success,8358173,422152,3281274,1153849,1228347.0558048731
MissPeaches,Success,7772307,265957,2844727,805906,1019554.7946387188
MistAI,Success,8474092,422152,3397205,1182828.75,1278545.3074467825
Mode,Success,6544685,169661,959613,350243,239406.70053227415
MonieBotAI,Failed,NA,NA,NA,NA,NA
Moon,Failed,NA,NA,NA,NA,NA
MooniferBot,Success,4925171,232765,682270,394131.3333333333,204233.69723649643
Morc,Failed,NA,NA,NA,NA,NA
MorphoAaveV2SubProxy,Failed,NA,NA,NA,NA,NA
MosesPepe,Success,8197879,265957,2846647,742517,941431.6865899866
Multitensor,Failed,NA,NA,NA,NA,NA
Munched,Success,7772223,265945,2844727,805889.2,1019563.1676900455
MuseAI,Success,7709497,414120,2656718,991680,961409.2905175714
MutualAI,Failed,NA,NA,NA,NA,NA
MyMarky,Success,8068828,265957,2821586,721008.5,939576.5691994365
MyTokenContract,Failed,NA,NA,NA,NA,NA
Mystiko,Success,6585623,181525,965456,355357.25,240168.83700677633
NANCE,Success,7224199,265945,2615909,870355.5,1007890.4637589593
NANO,Success,7224211,265957,2615921,870361.5,1007893.8605419968
NCCHA,Success,3742777,0,0,0,0
NFT,Failed,NA,NA,NA,NA,NA
NIBI,Failed,NA,NA,NA,NA,NA
NIM,Success,6585875,181537,965468,355387.25,240170.30013552363
NMA,Failed,NA,NA,NA,NA,NA
NOBLEBLOCKS,Failed,NA,NA,NA,NA,NA
NODEC,Success,7417173,265957,2808847,918599,1091422.6254167082
NOLAND,Success,8069992,265957,2822666,721202.5,939972.7127563775
NOMADS,Success,7415527,265957,2807237,918187.5,1090730.6333326527
NOMB,Failed,NA,NA,NA,NA,NA
NOMICAI,Failed,NA,NA,NA,NA,NA
NOVA,Success,7308757,265957,2700419,891495,1044474.1552960993
NRN,Success,6544709,169661,959613,350241.5,239407.75751320174
NSRevenueStaking,Failed,NA,NA,NA,NA,NA
NUX,Success,8050680,265957,2803390,717983.8333333334,932792.9685138098
NYAN,Success,6544709,169649,959613,350241.5,239407.8319969921
NYN,Success,6544709,169661,959613,350241.5,239407.25735344784
NanoUniversalDeployer,Success,3742777,0,0,0,0
NatosAI,Success,7725960,243325,2874369,796639,1039085.6898059947
Nazare,Success,7356512,265957,2748210,903433.75,1065171.589757344
NepturionCloud,Failed,NA,NA,NA,NA,NA
Nettensor,Failed,NA,NA,NA,NA,NA
NetworkController,Failed,NA,NA,NA,NA,NA
NeuraGPU,Success,7417137,265957,2808847,918590,1091427.728090367
NeuraNodeAI,Success,7488633,265957,2880343,936467,1122382.2936038773
NeuraNode,Success,7442858,265957,2834556,925020.25,1102557.468817924
NeuralAI,Success,8537457,422140,3460582,1198673,1305986.8639601625
NeuralChainAI,Success,5962682,243309,1111095,443981,334244.35448037117
NeuralCloud,Failed,NA,NA,NA,NA,NA
NeuralTensorDynamics,Failed,NA,NA,NA,NA,NA
Newsy,Success,8068900,265957,2821586,721020.5,939571.1898864202
NextGemAiToken,Success,6544697,169661,959613,350240,239407.8864547908
NextarStake7,Failed,NA,NA,NA,NA,NA
Nextar,Failed,NA,NA,NA,NA,NA
Nibi,Failed,NA,NA,NA,NA,NA
Nibiru,Success,6585863,181537,965468,355385.75,240170.88689032962
NodeClone,Failed,NA,NA,NA,NA,NA
NodeHUB,Failed,NA,NA,NA,NA,NA
NodeMatrixAIChain,Success,3742765,0,0,0,0
NodeScanAI,Success,7488657,265957,2880343,936470,1122380.5915608574
Nodify,Success,8538311,422152,3461448,1198883.5,1306365.1663842886
NovaChain,Failed,NA,NA,NA,NA,NA
NovaFrontierNFT,Failed,NA,NA,NA,NA,NA
NovaGPU,Failed,NA,NA,NA,NA,NA
NuLink,Success,6585851,181537,965456,355384.25,240167.07659187488
Nuh,Success,3742777,0,0,0,0
Nuklai,Success,6585695,181537,965480,355364.75,240174.67415443182
NumbersToken,Success,7678477,248277,2821862,787140,1017555.436252001
NuronAI,Success,7725996,243325,2874369,796643.8,1039083.3944590589
NutterButter,Failed,NA,NA,NA,NA,NA
NyanCatWifHat,Success,8167247,265933,2919957,737415.6666666666,976225.6613674024
OASYS,Success,3742777,0,0,0,0
OBAMA,Success,8062952,265957,2824814,720029.1666666666,941433.4174846385
OCAT,Failed,NA,NA,NA,NA,NA
OKZOO,Success,6760509,243325,967316,377216.5,226738.6312364966
OMEGA,Success,8538371,422140,3461448,1198898.5,1306356.7140058836
OMI,Success,7859760,265957,2932276,823396.6,1054579.1802848375
OMNIA,Success,6544721,169661,959613,350243,239406.70053227415
OPCRevenueShare,Failed,NA,NA,NA,NA,NA
OPENGPU,Failed,NA,NA,NA,NA,NA
OPTN,Success,8125824,265957,3194328,876609.4,1158989.0379018432
ORB3,Failed,NA,NA,NA,NA,NA
ORBAI,Success,8125980,265957,3194448,876643,1159032.2712518405
ORBK,Success,6548416,181553,928236,350704.875,235328.0372588642
ORFY,Success,6585875,181537,965480,355387.25,240174.37640844932
OTTOAI,Failed,NA,NA,NA,NA,NA
OTTO,Failed,NA,NA,NA,NA,NA
OditAI,Success,7766714,202035,2191266,574848.1428571428,663957.2769365357
OernAI,Success,8358113,422140,3281274,1153837,1228353.9558313393
Oh,Success,8050596,265957,2803402,717971.8333333334,932803.7158978332
Olympix,Success,7772235,265957,2844727,805894,1019560.7969491569
Oordinals,Failed,NA,NA,NA,NA,NA
OpSync,Failed,NA,NA,NA,NA,NA
Ophel,Success,8358149,422152,3281274,1153843,1228350.4644638272
OptimalAI,Success,7594389,414120,2541586,962903,911557.7056843411
OraSpaceAI,Success,7487217,265957,2878903,936110,1121757.1008986305
OraixToken,Failed,NA,NA,NA,NA,NA
Orbucurum,Failed,NA,NA,NA,NA,NA
OrdinalsAI,Success,7477943,265957,2869629,933794.5,1117739.9446652383
Ownable,Success,4442700,123457,290091,233307.66666666666,77690.9642508202
OxAI,Success,8063588,422140,2986773,1080202.75,1100845.378582836
OxAi,Failed,NA,NA,NA,NA,NA
OxNODE,Success,7417101,265957,2808847,918581,1091432.8308308762
OxSHARP,Failed,NA,NA,NA,NA,NA
OxchangerCo,Success,3742777,0,0,0,0
P2EGameContract,Success,6388148,150683,459185,293930.1111111111,91436.45644495348
P3P3,Failed,NA,NA,NA,NA,NA
PACMOON,Success,6585863,181525,965468,355385.75,240171.38588451268
PAC,Success,6585899,181537,965480,355390.25,240174.0002033682
PALIOAI,Failed,NA,NA,NA,NA,NA
PARAM,Success,6585899,181525,965480,355390.25,240174.02181270043
PATRIOT,Failed,NA,NA,NA,NA,NA
PENGETH,Failed,NA,NA,NA,NA,NA
PENGU,Failed,NA,NA,NA,NA,NA
PEPAI,Failed,NA,NA,NA,NA,NA
PEPA,Success,8069908,265957,2822726,721188.5,940005.786199523
PEPE314,Failed,NA,NA,NA,NA,NA
PEPEAI,Failed,NA,NA,NA,NA,NA
PEPELORE,Success,8163673,265957,2916383,736818,974894.6909160668
PEPER,Success,8069956,265957,2822726,721198.5,940001.3454684963
PEPETIMES,Success,8050704,265957,2803402,717987.8333333334,932796.4999152488
PEPEWIFSOMBRERO,Success,8749143,399532,3272640,1001273.2,1135885.6374317617
PEPE,Success,8072032,265957,2824814,721546.5,940779.356779571
PEPICOIN,Failed,NA,NA,NA,NA,NA
PEPORITA,Failed,NA,NA,NA,NA,NA
PEPY,Success,8539127,422152,3462288,1199087.5,1306732.2889124039
PESO,Success,7861128,265945,2933656,823670.2,1055132.375876771
PGENZ,Failed,NA,NA,NA,NA,NA
PIPE,Success,7323872,265957,2715642,895273.75,1051080.6314618243
PIP,Success,7839447,265957,2911903,819334,1046425.1087279968
PI,Failed,NA,NA,NA,NA,NA
PLCK,Success,8571935,422152,3495012,1207289.5,1320889.4706425099
POKO,Success,6585911,181537,965480,355391.75,240172.93597257684
POPCORN,Success,8049265,422152,2972234,1076622,1094519.594771834
POPO,Success,8069860,265957,2822666,721180.5,939982.5753622156
PORA,Failed,NA,NA,NA,NA,NA
PORTAI,Failed,NA,NA,NA,NA,NA
PORTNOY,Success,7243606,265933,2635256,875207.25,1016258.7872700966
PRC20Proxy,Success,3742777,0,0,0,0
PRINT,Success,8050644,265957,2803390,717979.8333333334,932794.7613636518
PROMOTE,Success,3742777,0,0,0,0
PRVA,Success,6585875,181537,965480,355387.25,240173.3499395541
PT,Failed,NA,NA,NA,NA,NA
PUPPY,Success,8637300,426269,3548110,1223633.75,1342107.9640215938
PaperClippy,Success,7568406,265957,2640262,765128.2,937726.2867810414
ParamLabs,Success,6585887,181537,965468,355388.75,240169.16342067625
Param,Failed,NA,NA,NA,NA,NA
Parcl,Success,6585887,181537,965480,355388.75,240174.18242431368
Peggy,Failed,NA,NA,NA,NA,NA
Pepa,Failed,NA,NA,NA,NA,NA
Pepe3,Failed,NA,NA,NA,NA,NA
PepeAI,Success,7704400,265957,2776856,792324.6,992413.9619843323
PepeBitcoin,Success,8538407,422152,3461484,1198907.5,1306372.2241154127
PepeReborn,Success,8070952,265957,2823710,721362.5,940367.9944482284
PepeThePapi,Success,8163589,265957,2916323,736804,974874.0875704582
Pepega,Success,8069896,265957,2822666,721186.5,939979.8439576156
Pepewifhat,Failed,NA,NA,NA,NA,NA
PermitHelper,Success,3742777,0,0,0,0
PerpetualFlow,Failed,NA,NA,NA,NA,NA
Perpex,Success,3742777,0,0,0,0
PetitionCampaign,Failed,NA,NA,NA,NA,NA
Pez,Success,8163529,265957,2916371,736792,974900.9783933614
PinkyLock,Failed,NA,NA,NA,NA,NA
PipInu,Failed,NA,NA,NA,NA,NA
PirateFlix,Success,9055959,426269,3966721,1328298.5,1523356.5597791772
PixeriaAI,Success,7408536,265957,2800234,916439.75,1087696.7884245992
PlanetOrderV3_ETH,Failed,NA,NA,NA,NA,NA
Plena,Success,6585911,181537,965480,355391.75,240172.93597257684
PnP,Success,8133655,265957,2911519,731815,974919.1712383134
Poll,Failed,NA,NA,NA,NA,NA
Polly,Success,8162545,265957,2915219,736628,974459.1740038848
Polyhedra,Failed,NA,NA,NA,NA,NA
Pomsky,Success,7243438,265957,2635160,875165.25,1016227.2133064965
Ponzi,Failed,NA,NA,NA,NA,NA
PotatoPepe,Success,3742777,0,0,0,0
PowerDollar,Success,8637660,426269,3548434,1223720.75,1342244.8394002814
Practic,Success,3742777,0,0,0,0
PraxAI,Success,7495111,265945,2886857,938083.5,1125209.622720251
PresaleBIF,Failed,NA,NA,NA,NA,NA
PrivacyGuardAI,Failed,NA,NA,NA,NA,NA
Privasea,Success,6544697,169661,959613,350240,239407.6596513779
ProfitIQ,Success,7060903,424983,1971643,829534.5,659558.3572924007
ProofofSasquatch,Failed,NA,NA,NA,NA,NA
Proxy,Success,3742777,0,0,0,0
PublicAI,Success,6544709,169661,959613,350241.5,239407.75751320174
PulseGPT,Success,8067799,265957,2820557,720837,939193.1529303935
PumpTrump,Success,8432849,422152,3355878,1172518,1260639.3145517476
QAI,Success,7521726,437893,2325086,944737.25,797458.2781865065
QUEST,Success,7659487,265957,2731919,783342,974439.5151250794
Qettensor,Failed,NA,NA,NA,NA,NA
QuadroAI,Success,7487229,265957,2878903,936113,1121755.3987012943
QuantAI,Failed,NA,NA,NA,NA,NA
QuantumGrids,Failed,NA,NA,NA,NA,NA
QuantumNetwork,Success,8067835,265957,2820545,720843,939185.0547039883
Querio,Success,3742765,0,0,0,0
R0ARToken,Failed,NA,NA,NA,NA,NA
RABBY,Success,6585851,181525,965480,355387.25,240175.3403748759
RBLZClaim,Failed,NA,NA,NA,NA,NA
RDP,Success,8068840,265957,2821598,721010.5,939581.0407317632
REEEEEEEEEEEEE,Success,8748447,399544,3271848,1001138.8,1135557.2536106491
RELDA,Success,7617031,265957,2615609,774855.6,921352.2265246011
REVEAL,Success,7138409,265957,2530035,848908,970697.5749235702
RFM1,Success,8128053,265957,2880847,730879.3333333334,961660.6312200555
RGAME,Success,6585887,181537,965480,355388.75,240174.11036410127
RIP7560,Failed,NA,NA,NA,NA,NA
RLTK,Failed,NA,NA,NA,NA,NA
RQR,Success,3742777,0,0,0,0
RSG,Success,6585887,181537,965480,355388.75,240174.5873925622
RUNE,Failed,NA,NA,NA,NA,NA
Raboo,Success,3742777,0,0,0,0
RadiantHelper,Success,3742777,0,0,0,0
Raiinmaker,Success,6585899,181537,965468,355390.25,240169.12566915737
RaiseAllInxPugsyPoker,Failed,NA,NA,NA,NA,NA
RawBlock,Success,7442822,265957,2834556,925014.25,1102560.8711019938
ReALM,Success,8068864,265945,2821598,721014.5,939579.2781317516
ReflexerPayback,Success,3742777,0,0,0,0
RehhAI,Success,7232417,265957,2624139,872410,1011455.4227461041
RenonAI,Success,7440218,265957,2831940,924360.25,1101428.1987602222
ResolvedDelegateProxy,Failed,NA,NA,NA,NA,NA
RestEVM,Failed,NA,NA,NA,NA,NA
RevenueShare,Success,5375162,237405,458885,326477,85417.77962930201
Rheiner,Failed,NA,NA,NA,NA,NA
RitualAI,Success,6585683,181537,965468,355363.25,241555.02774044572
Rocky,Success,8166119,265957,2918901,737223.6666666666,975839.2126494109
RoleManager,Failed,NA,NA,NA,NA,NA
Rome,Failed,NA,NA,NA,NA,NA
RubberDuckyETHBuyer,Failed,NA,NA,NA,NA,NA
SAGA,Success,6585899,181525,965480,355390.25,240174.02181270043
SAP,Success,8068840,265957,2821598,721012.5,939580.1018798681
SBIDEN,Success,8068864,265957,2821598,721016.5,939578.3094753643
SCAM,Success,6489235,205820,2098378,686617.5,815104.2876606343
SCA,Success,6585899,181537,965480,355390.25,240172.97373286507
SEEKAI,Success,7417101,265957,2808847,918584,1091431.1298513068
SENTINELAI,Success,7307701,265957,2699375,891234,1044022.1293691528
SHARK,Success,7621765,265957,2662896,775797.6,943935.9670245858
SHIELD,Success,7206219,265957,2597905,865863.5,1000090.0454740314
SHINJAI,Success,8069920,265957,2822666,721190.5,939978.0920950144
SHIROETH,Failed,NA,NA,NA,NA,NA
SKO,Success,6590667,181537,965468,355987.75,240180.46247288203
SKULLCASH,Success,7386262,265957,2777936,910871.25,1078038.8553608295
SKULL,Success,7365557,265957,2757219,905695,1069067.173837781
SLERP,Success,7399229,265957,2790903,914113,1083653.2724093532
SLIMER,Failed,NA,NA,NA,NA,NA
SMILE,Success,7726280,265957,2798796,796705.4,1001192.2360461252
SOKIX,Success,7847057,265957,2919561,820856,1049492.6200123562
SOLA,Failed,NA,NA,NA,NA,NA
SOPHIAI,Success,7521702,437881,2325074,944731.25,797454.9921200491
SOULFI,Success,7521726,437893,2325086,944737.25,797458.2781865065
SPA,Success,7448316,265957,2840014,926384.75,1104920.6671470525
SPEC,Success,6760509,243313,967316,377216.5,226739.3487972478
SPEPE,Success,8163661,265957,2916383,736814,974896.484133743
SPFI,Success,6585899,181537,965480,355390.25,240173.52317374098
SPGamers,Success,8063648,422152,2986773,1080220.75,1100835.0796237316
SPIN,Success,8111353,265957,3183797,873715.2,1155168.2782052837
SP,Failed,NA,NA,NA,NA,NA
ST0Rewards,Success,4950158,351807,501434,402460.3333333333,69991.43158193644
STAKER,Failed,NA,NA,NA,NA,NA
STAR,Failed,NA,NA,NA,NA,NA
STEAGLE,Failed,NA,NA,NA,NA,NA
STECHAI,Success,8538323,422152,3461448,1198886.5,1306363.4604206632
STONES,Failed,NA,NA,NA,NA,NA
SUPERSHIDO,Success,7243438,265945,2635100,875165.25,1016192.8420977425
SUS,Failed,NA,NA,NA,NA,NA
SVM,Success,8538503,422152,3461448,1198931.5,1306337.8723524208
SWIFTAI,Success,8538275,422152,3461400,1198874.5,1306342.6768617223
SYA,Success,7243334,265957,2634984,875139.25,1016140.8195942566
SYNF,Success,6585875,181525,965480,355387.25,240176.15030678525
SadHamster,Success,8163685,265957,2916371,736818,974889.3230989523
SafeDepositsSender,Failed,NA,NA,NA,NA,NA
SafeMoonHQ,Success,7729986,265957,2802466,797441.8,1002658.829851989
SafeScanAI,Success,4968962,186711,336530,245239.4,56296.12560949465
SatoshiAI,Failed,NA,NA,NA,NA,NA
SatsERC20Token,Failed,NA,NA,NA,NA,NA
ScaliaInfrastructure,Failed,NA,NA,NA,NA,NA
Scorpion,Failed,NA,NA,NA,NA,NA
SecDao,Success,3742765,0,0,0,0
SedonaAI,Success,7709485,414120,2656658,991677,961376.5257153411
SendMessage,Success,3742777,0,0,0,0
SendTokens,Success,3742765,0,0,0,0
SentinelAiStake,Failed,NA,NA,NA,NA,NA
ShelonMusk,Success,8068876,265957,2821598,721016.5,939578.3506768254
SherlockAI,Success,8414857,422152,3337958,1168020,1252890.4264050787
Shinthentic,Success,8230958,265941,2689016,641168.7142857143,836196.4294130065
SigToken,Failed,NA,NA,NA,NA,NA
SimpleERC20Token,Success,3742777,0,0,0,0
SimpleSecureSponsorship,Success,6685518,181537,817322,326971.22222222225,203202.93888227863
SkyBox,Failed,NA,NA,NA,NA,NA
SmartTVs,Success,8092233,265957,2844967,724911.3333333334,948285.9037701774
SmokedTokenBurn,Failed,NA,NA,NA,NA,NA
SmolToken,Success,3742777,0,0,0,0
SnakeWIFHat,Failed,NA,NA,NA,NA,NA
Snaptorn,Success,8070052,265957,2822666,721212.5,939968.230025134
SociumAI,Success,8049085,422140,2972234,1076580,1094543.500662034
SoftDAO,Success,6585671,181537,965480,355363.25,241559.87430798085
SolarEclipse,Failed,NA,NA,NA,NA,NA
SorosChain,Success,3742777,0,0,0,0
SoulBoundERC20,Failed,NA,NA,NA,NA,NA
SparkLender,Failed,NA,NA,NA,NA,NA
SpeysX,Success,8067775,265957,2820557,720835,939194.0494782393
SphynxAI,Success,7243390,265957,2635100,875153.25,1016199.5366396736
SphynxToken,Failed,NA,NA,NA,NA,NA
SpiceAI,Failed,NA,NA,NA,NA,NA
Spotlight,Success,6760497,243313,967316,377215,226739.5170349668
SpreadNode,Success,9149043,367631,3751702,1081253.2,1335680.870741271
StakeStone,Success,6585899,181537,965468,355390.25,240169.12566915737
StandardERC20,Success,3742777,0,0,0,0
Standard,Failed,NA,NA,NA,NA,NA
Starecat,Success,8576137,422152,3499262,1208340,1322736.4994546345
StateStreetCoin,Success,7243642,265945,2635268,875219.25,1016258.7881202737
Steak,Failed,NA,NA,NA,NA,NA
StrategyExecutor,Success,3742777,0,0,0,0
Streamr,Success,6760509,243325,967304,377216.5,226734.55916555817
SuperAPE,Success,7245504,265957,2637202,875681.75,1017107.9466596392
SuperApe,Failed,NA,NA,NA,NA,NA
SuperBabyInuTrumpAIPepeCorgiCatWifHat,Success,8070826,265945,2821598,721341.5,939432.9787550485
SuperGrok,Success,7245480,265957,2637178,875678.75,1017095.8566033427
SuperShibaInu,Success,9186939,265957,3317339,777737.4285714285,1040272.3784756508
SuperSoakerBot,Success,8049169,422128,2972234,1076598,1094533.388468118
SuperTrumpCoin,Success,8446897,422140,3369854,1176030,1266680.587110855
SuperVitalik,Failed,NA,NA,NA,NA,NA
SupermindAi,Success,8068984,265957,2821598,721034.5,939570.2813853701
SwampDAO,Success,7241486,265957,2633184,874677.25,1015368.2621338366
Swarm,Success,7771167,265957,2843635,805678,1019122.8673790026
SwiftAI,Failed,NA,NA,NA,NA,NA
SwiftSwap,Success,7387786,265957,2779460,911252.25,1078698.7125653704
Symbiotic,Success,7730154,265957,2802478,797475.4,1002648.1434552402
SymboticAI,Success,7730118,265957,2802478,797468.2,1002651.716934729
SyncNode,Success,3742777,0,0,0,0
SyneralisticsStaking,Success,9132230,434481,1452342,673684.625,344284.1681401926
SynthTPU,Failed,NA,NA,NA,NA,NA
SynthesisAI,Success,7664455,414120,2611616,980422.5,941871.4322402235
Synthesis,Success,7487217,265957,2878903,936110,1121757.1005135202
TANKWARS,Success,7572639,265957,2644627,765974.8,939485.0904829517
TANKWAR,Success,3742777,0,0,0,0
TAOBOX,Success,7902922,265957,2975390,832029,1071817.7687345922
TAOFY,Success,7636304,265945,2677471,778705.4,949767.1807057981
TAORA,Success,7741742,186711,3393428,999741.25,1382026.7671435266
TBUS,Failed,NA,NA,NA,NA,NA
TCAI,Success,7399193,265957,2790903,914104,1083658.3744098046
TCG,Success,8106181,265957,3178577,872680.8,1153075.740049959
TDB,Success,7627711,265957,2700047,776986.8,961683.1926607431
TENSORGPU,Success,8748411,399544,3271848,1001129.2,1135561.8634570993
TEN,Success,6585875,181525,965480,355388.75,240174.60900184163
TESTING,Success,8654696,426269,3565518,1227979.75,1349648.8665616652
THUMB,Success,9087859,169661,3326948,534509.4,932416.9811853708
TIMA,Failed,NA,NA,NA,NA,NA
TOKEAI,Failed,NA,NA,NA,NA,NA
TOKENSENTRYBOT,Success,7307845,265957,2699435,891267,1044037.9116207898
TOR,Failed,NA,NA,NA,NA,NA
TRUMPA,Success,8069944,265945,2822666,721194.5,939976.3709639638
TRUMPINU,Failed,NA,NA,NA,NA,NA
TRUMPI,Success,8163649,265945,2916383,736812,974897.4500081192
TRUMP,Failed,NA,NA,NA,NA,NA
TSFabric,Failed,NA,NA,NA,NA,NA
TSINU,Success,8163649,265957,2916383,736812,974897.3806244088
TUNA,Success,8922625,265957,2617229,575538.6666666666,723474.5709316027
TVPN,Success,8068864,265957,2821598,721014.5,939579.247469091
TaasAI,Success,7417665,265945,2809399,918722,1091670.2267289788
Tabichain,Success,6585887,181537,965480,355388.75,240173.6329849459
Taiko,Success,6585875,181525,965480,355387.25,240175.26824006566
Tamagotchai,Failed,NA,NA,NA,NA,NA
Taornado,Failed,NA,NA,NA,NA,NA
TaxHelperUniswapV2,Failed,NA,NA,NA,NA,NA
Tcloud,Failed,NA,NA,NA,NA,NA
TellorMagic,Failed,NA,NA,NA,NA,NA
TellorManagementContract,Success,9077352,199737,782545,333410.9375,129400.58523557223
TempusSwap,Success,8637648,426269,3548410,1223720.75,1342231.034131117
TensorArt,Success,8749083,399544,3272640,1001261.2,1135891.2781208244
TensorChain,Success,5033626,1290849,1290849,1290849,0
TensorScanAI,Failed,NA,NA,NA,NA,NA
TensorSpace,Failed,NA,NA,NA,NA,NA
TensorVerse,Success,7891274,265957,2963718,829704.2,1067144.802493907
Tensor,Success,6585839,181537,965480,355384.25,240174.89684537702
TeslaAI,Failed,NA,NA,NA,NA,NA
Test,Failed,NA,NA,NA,NA,NA
Testing3,Success,7949600,455949,3294913,1402274.3333333333,1338297.6355448323
TetherToken,Success,5199719,1456942,1456942,1456942,0
TheHalvingIsNear,Failed,NA,NA,NA,NA,NA
TheIndifferentDuck,Success,5807169,265929,1198819,516098,394411.942918188
TimeAI,Failed,NA,NA,NA,NA,NA
TitanEcosystem,Success,6377828,232789,1197618,527010.2,351785.37123729294
TodayAI,Success,6585863,181537,965468,355385.75,240170.16112474818
TokenRescueContract,Success,4413116,263990,406349,335169.5,71179.5
TokenSale,Success,4511203,232777,286530,256146,22498.206165529435
TokenSwapper,Failed,NA,NA,NA,NA,NA
TokenUpgrader,Failed,NA,NA,NA,NA,NA
TokenVestingSTEAK,Failed,NA,NA,NA,NA,NA
TokenizedStrategy,Failed,NA,NA,NA,NA,NA
TransparentUpgradableProxy,Success,3742777,0,0,0,0
TrestleStakingPool,Failed,NA,NA,NA,NA,NA
TrezorTensorUnit,Failed,NA,NA,NA,NA,NA
TricryptoLpOracle,Failed,NA,NA,NA,NA,NA
TrigonFinance,Success,7487277,265957,2878891,936125,1121741.6946862142
TruflationToken,Success,6585875,181537,965468,355388.75,240169.7849318009
Truflation,Success,6585875,181537,965468,355388.75,240169.71287026908
Trump6900,Success,8262463,265957,2989557,753281,1000376.8023616568
TrumpAI,Failed,NA,NA,NA,NA,NA
TrumpsLambo,Success,8163625,265957,2916323,736810,974871.4376800325
Trusty,Success,5760227,185847,218907,201746.2,7426.05193625792
Tsukiyomi,Failed,NA,NA,NA,NA,NA
Turtule,Failed,NA,NA,NA,NA,NA
Twenty30COIN,Success,7200654,265957,2592328,864469.25,997675.3645293079
UAPCoin,Failed,NA,NA,NA,NA,NA
UGLYToken,Success,5149130,311640,419868,351588.25,42335.88864294099
ULTI,Success,8106085,265957,3178517,872661.6,1153055.3192183971
USD,Success,8092185,265957,2844955,724903.3333333334,948284.1224751975
UltronAI,Success,7487193,265945,2878903,936107,1121758.8927650629
UnibitToken,Success,5677952,67072,569249,322529.1666666667,149727.62075116788
UniswapFrontRunner,Failed,NA,NA,NA,NA,NA
UniswapWrapperV3,Success,3742765,0,0,0,0
UtilReceiver,Success,4788401,170303,299482,261406,53205.66831175039
UtilStorage,Success,4902092,153253,280905,231863,52373.30070942636
Utopai,Success,7487193,265957,2878903,936104,1121760.5039136028
VCLOUD,Success,8106217,265957,3178625,872690.4,1153094.9372502856
VIO,Success,7417149,265945,2808847,918593,1091426.120569551
VISIONBOT,Success,4969046,186711,336530,245258.6,56287.08461663297
VITALIKE,Success,7206471,265957,2597905,865923.5,1000056.0895931037
VITALIKPEPE,Success,8068876,265957,2821598,721016.5,939578.3096541679
VLS,Success,7961005,265957,2743304,703040,912571.3059933089
VOAI,Failed,NA,NA,NA,NA,NA
VOICEAI,Failed,NA,NA,NA,NA,NA
Vault101,Success,7576709,262312,2979354,958486,1166830.40853909
Venom,Success,6585863,181525,965468,355385.75,240171.38595945918
VexarisStaking,Failed,NA,NA,NA,NA,NA
VictoriaVR,Success,6585659,181537,965480,355363.25,240175.19019704658
VirtualVersionsErc20Upgrader,Success,4861045,211601,522436,372756,127157.0053778661
VitalikStaking,Failed,NA,NA,NA,NA,NA
VitruveoOTCSale,Failed,NA,NA,NA,NA,NA
VoiceAi,Success,7299736,265957,2691458,889239.75,1040602.765883883
VoidZ,Failed,NA,NA,NA,NA,NA
Voidz,Failed,NA,NA,NA,NA,NA
W3BFrensIPLicense,Success,9910107,150671,488566,237205,81234.48339600237
WBTCStakingContract42,Failed,NA,NA,NA,NA,NA
WELL,Success,6544709,169661,959613,350241.5,239407.75751320174
WETHX,Failed,NA,NA,NA,NA,NA
WFC,Success,3742777,0,0,0,0
WIFPEPEMOGINU,Success,8069008,265957,2821598,721038.5,939568.4883065115
WWFToken,Failed,NA,NA,NA,NA,NA
Waifu,Success,7354494,265957,2746240,902932.25,1064323.7266688116
WatosAI,Success,7771452,243325,2919873,805739.8,1057283.4905408106
WenWenCoin,Success,6585923,181537,965480,355393.25,240173.94532127646
W,Success,6585875,181537,965480,355387.25,240174.69719391238
WinAI,Failed,NA,NA,NA,NA,NA
Winna,Success,3742777,0,0,0,0
WnsRegistrar,Failed,NA,NA,NA,NA,NA
WnsRegistry_v3,Success,5347511,355528,1249206,802367,446839
X3AI,Success,8637564,426269,3548434,1223696.75,1342258.4934254235
XANABridgeFacet,Success,3742765,0,0,0,0
XBXRouterV1,Failed,NA,NA,NA,NA,NA
XCryptoBotsAI,Failed,NA,NA,NA,NA,NA
XEDOAIPrivateSale,Success,4511239,232789,286530,256154,22492.804197490954
XGW_STAKING,Failed,NA,NA,NA,NA,NA
XMiner,Failed,NA,NA,NA,NA,NA
XOLO,Failed,NA,NA,NA,NA,NA
XORAI,Success,8106157,265957,3178589,872676,1153084.1162307286
XOWED,Success,3742777,0,0,0,0
XPP,Success,6585887,181537,965480,355390.25,240174.0002033682
XRATIOStaking,Failed,NA,NA,NA,NA,NA
XREX,Success,6585899,181537,965480,355391.75,240172.93597257684
XROOTAI,Success,8497855,422152,2983271,951015.6,1016206.43702854
XZK,Success,6345410,205802,1954579,650658.25,752844.9895391398
Xterio,Success,6585467,181537,965480,355336.25,241559.56454296628
Y8U,Success,6544673,169649,959613,350237,239408.34807447714
YHWH,Success,3742777,0,0,0,0
YoungPeezy,Success,8145487,265957,2870577,733785,955913.0840799981
YoungPepe,Success,7243426,265957,2635100,875162.25,1016194.4407421187
ZAI,Success,6548368,181541,928236,350698.875,235330.87496673566
ZEUS,Success,6544709,169649,959613,350241.5,239407.8319969921
ZFC,Success,3742777,0,0,0,0
ZGASSWAP,Success,5164020,167733,1253534,710633.5,542900.5
ZION,Success,3742777,0,0,0,0
ZKLT,Success,7417161,265957,2808847,918596,1091424.3262528556
ZKMEVTOKEN,Success,7892270,265957,2964798,829901,1067586.2806847978
ZKMEV,Success,7891178,265957,2963706,829682.6,1067149.5370804598
ZKT,Failed,NA,NA,NA,NA,NA
ZK,Success,6341959,205802,1951140,649795.5,751357.6219622385
ZRO,Success,6341839,205802,1951056,649774.5,751321.250155185
ZXEncrypt,Success,7169512,265945,2561162,856683.75,984178.110456226
Zama,Success,6934722,169649,1033420,354660.55555555556,248065.8613424674
ZedToken,Success,7178119,243325,2326588,687068.4,820039.0614219789
Zelenskyy,Success,7443418,265957,2834936,925160.25,1102696.483192083
ZenithCoin,Failed,NA,NA,NA,NA,NA
ZeroLend,Success,6585875,181537,965480,355387.25,240173.89937956934
ZestyAiToken,Success,6946453,265957,2338187,800922,887647.7170378461
Zeus,Failed,NA,NA,NA,NA,NA
ZhongHua,Success,7521642,437893,2325026,944716.25,797435.6002485013
Zircuit,Success,6934722,169661,1033420,354660.55555555556,248065.84350849324
ZkLink,Success,6585887,181537,965480,355388.75,240173.6329849459
Zkasino,Success,6585887,181537,965468,355390.25,240169.12566915737
Zklock,Failed,NA,NA,NA,NA,NA
aerox,Success,7242518,265957,2634276,874935.25,1015849.5612755304
assemblyerc20creator,Success,3742777,0,0,0,0
babyman,Failed,NA,NA,NA,NA,NA
cavelarink,Success,7356488,265957,2748210,903430.75,1065173.2902376438
chainscaler,Success,8353461,422152,3276526,1152671,1226286.1284669659
chocknurris,Success,8749119,399544,3272640,1001270.8,1135886.669763388
deBridge,Success,6585899,181537,965480,355390.25,240173.52317374098
doge,Failed,NA,NA,NA,NA,NA
dogewifhat,Success,8216430,265957,2969164,745608.8333333334,994564.5026312466
eesee,Success,6585707,181537,965480,355366.25,241558.05515276757
egreed,Success,8293958,265945,3049548,758532.1666666666,1024721.0254640718
fDragons,Failed,NA,NA,NA,NA,NA
fcksolana,Failed,NA,NA,NA,NA,NA
gETH,Success,7243298,265957,2634984,875130.25,1016145.9148484471
gOS,Failed,NA,NA,NA,NA,NA
gmew,Failed,NA,NA,NA,NA,NA
ishiinu,Success,8068816,265957,2821598,721006.5,939582.7914189273
itsbegun,Success,7726868,265957,2799312,796818.2,1001393.8409889288
jf,Success,7771047,265957,2843635,805656.4,1019133.5900417767
kandy,Success,7721564,265957,2793984,795757.4,999260.5721627569
kanyahwast,Success,8067823,265957,2820557,720841,939191.3599726807
kittyson,Success,8294102,265957,3049548,758554.1666666666,1024711.0780765502
lfgexchange,Failed,NA,NA,NA,NA,NA
liliaaitoken,Failed,NA,NA,NA,NA,NA
lowGas,Success,5167742,232777,342106,284993,36843.45989724635
niggainu,Failed,NA,NA,NA,NA,NA
nousai,Success,7381364,265957,2773122,909652.75,1075963.0058931801
oxShadows,Success,7573647,265957,2645659,766178.8,939899.0116737862
pepe,Failed,NA,NA,NA,NA,NA
pepewifvodka,Success,8752585,399544,3276106,1001964,1137272.8234289256
pokerface,Failed,NA,NA,NA,NA,NA
royalpig,Failed,NA,NA,NA,NA,NA
secon,Failed,NA,NA,NA,NA,NA
studant,Success,7728966,265957,2801458,797237.8,1002256.8800558867
sydney,Success,7960849,265957,2743328,703012,912594.3859625334
take_my_ETHER,Success,5276701,234477,491326,383484,105007.8486804677
tiktokphotos,Success,8070100,265957,2822726,721220.5,939991.4405613401
toro,Success,8170679,265957,2923485,737983.6666666666,977549.0761055882
tremp,Success,8155115,265957,2907825,735389.6666666666,971706.7474838052
veritas,Success,8236531,265957,2988717,748959,1001801.5633244606
vlademerputen,Success,8748303,399544,3271800,1001105.2,1135549.5775775532
wPUTIN,Success,8068876,265957,2821598,721018.5,939577.4541093371
wTRUMP,Success,7245528,265957,2637202,875687.75,1017104.5492638343
well3,Success,6585695,181537,965480,355364.75,241558.81635056812
women,Failed,NA,NA,NA,NA,NA
worm,Success,8068996,265957,2821658,721036.5,939596.2251949416
yHaaSRelayer,Failed,NA,NA,NA,NA,NA
zKProxy,Success,8397656,422152,3320781,1163728.75,1245451.3168920684
zkPass,Success,6585887,181537,965480,355388.75,240173.7892281077
